periodo,dimension,categoria,universo,n_muestra,poblacion_expandida,tasa_actividad,tasa_empleo,tasa_desocupacion,tasa_informalidad,ingreso_promedio_ponderado_ocupados
2025T4,Sexo,Varón,Población de 14 años y más,551,161734,64.12,63.57,0.86,57.53,862224.0
2025T4,Sexo,Mujer,Población de 14 años y más,606,177592,39.34,39.22,0.3,51.78,678842.0
2025T4,Edad,14 a 29 años,Grupo de edad,380,105856,35.83,34.99,2.34,78.32,576623.0
2025T4,Edad,30 a 64 años,Grupo de edad,625,185890,70.27,70.15,0.16,48.18,838258.0
2025T4,Edad,65 años y más,Grupo de edad,152,47580,10.54,10.54,0.0,67.13,1026366.0
2025T4,Nivel educativo,Primario incompleto,Población de 14 años y más,44,14715,42.08,42.08,0.0,93.51,490923.0
2025T4,Nivel educativo,Primario completo,Población de 14 años y más,186,58534,43.73,42.96,1.75,75.54,660810.0
2025T4,Nivel educativo,Secundario incompleto,Población de 14 años y más,269,71434,32.42,32.42,0.0,74.02,653111.0
2025T4,Nivel educativo,Secundario completo,Población de 14 años y más,315,88530,63.4,62.91,0.78,55.21,789924.0
2025T4,Nivel educativo,Superior/universitario incompleto,Población de 14 años y más,160,49279,47.52,47.52,0.0,63.14,870251.0
2025T4,Nivel educativo,Superior/universitario completo,Población de 14 años y más,169,50588,73.04,72.62,0.57,15.35,977906.0
2025T4,Nivel educativo,Sin instrucción,Población de 14 años y más,14,6246,33.81,33.81,0.0,100.0,464054.0
2025T4,Decil de ingreso,Decil 1,Ocupados con P21 > 0; ADECOCUR del aglomerado,61,17324,,,,,230499.0
2025T4,Decil de ingreso,Decil 2,Ocupados con P21 > 0; ADECOCUR del aglomerado,70,17114,,,,,377640.0
2025T4,Decil de ingreso,Decil 3,Ocupados con P21 > 0; ADECOCUR del aglomerado,63,17187,,,,,462175.0
2025T4,Decil de ingreso,Decil 4,Ocupados con P21 > 0; ADECOCUR del aglomerado,61,17821,,,,,587525.0
2025T4,Decil de ingreso,Decil 5,Ocupados con P21 > 0; ADECOCUR del aglomerado,58,16861,,,,,661794.0
2025T4,Decil de ingreso,Decil 6,Ocupados con P21 > 0; ADECOCUR del aglomerado,66,17814,,,,,762865.0
2025T4,Decil de ingreso,Decil 7,Ocupados con P21 > 0; ADECOCUR del aglomerado,57,16401,,,,,842675.0
2025T4,Decil de ingreso,Decil 8,Ocupados con P21 > 0; ADECOCUR del aglomerado,47,17184,,,,,945810.0
2025T4,Decil de ingreso,Decil 9,Ocupados con P21 > 0; ADECOCUR del aglomerado,58,17180,,,,,1232971.0
2025T4,Decil de ingreso,Decil 10,Ocupados con P21 > 0; ADECOCUR del aglomerado,48,17175,,,,,1792157.0
