periodo,fecha_esperada,fecha_deteccion,fecha_procesamiento_estado,intentos,estado,mensaje,ultima_actualizacion
2023T1,Junio 2023,2026-10-07 19:39:02,2026-10-07 19:39:02,1,VALIDADO,Período disponible en el snapshot validado.,2026-10-07T19:51:01
2023T2,Septiembre 2023,2026-10-07 19:39:08,2026-10-07 19:39:08,1,VALIDADO,Período disponible en el snapshot validado.,2026-10-07T19:51:01
2023T3,Diciembre 2023,2026-10-07 19:39:16,2026-10-07 19:39:16,1,VALIDADO,Período disponible en el snapshot validado.,2026-10-07T19:51:01
2023T4,Marzo 2024,2026-10-07 19:39:26,2026-10-07 19:39:26,1,VALIDADO,Período disponible en el snapshot validado.,2026-10-07T19:51:01
2024T1,Junio 2024,2026-10-07 19:44:06,2026-10-07 19:44:06,1,VALIDADO,Período disponible en el snapshot validado.,2026-10-07T19:51:01
2024T2,Septiembre 2024,2026-10-07 19:44:11,2026-10-07 19:44:11,1,VALIDADO,Período disponible en el snapshot validado.,2026-10-07T19:51:01
2024T3,Diciembre 2024,2026-10-07 19:44:17,2026-10-07 19:44:17,1,VALIDADO,Período disponible en el snapshot validado.,2026-10-07T19:51:01
2024T4,Marzo 2025,2026-10-07 19:44:25,2026-10-07 19:44:25,1,VALIDADO,Período disponible en el snapshot validado.,2026-10-07T19:51:01
2025T1,Junio 2025,2026-10-07 19:45:32,2026-10-07 19:45:32,1,VALIDADO,Período disponible en el snapshot validado.,2026-10-07T19:51:01
2025T2,Septiembre 2025,2026-10-07 19:45:39,2026-10-07 19:45:39,1,VALIDADO,Período disponible en el snapshot validado.,2026-10-07T19:51:01
2025T3,Diciembre 2025,2026-10-07 19:45:44,2026-10-07 19:45:44,1,VALIDADO,Período disponible en el snapshot validado.,2026-10-07T19:51:01
2025T4,Marzo 2026,2026-10-07 19:45:52,2026-10-07 19:45:52,1,VALIDADO,Período disponible en el snapshot validado.,2026-10-07T19:51:01
2026T1,Junio 2026,2026-10-07 19:46:57,2026-10-07 19:46:57,1,VALIDADO,Período disponible en el snapshot validado.,2026-10-07T19:51:01
