periodo,tasa_actividad_indec,tasa_empleo_indec,tasa_desocupacion_indec,fuente_oficial
2024T1,45.1,44.0,2.5,https://www.indec.gob.ar/uploads/informesdeprensa/mercado_trabajo_eph_1trim2485E02B3519.pdf
2024T2,44.8,44.4,0.7,https://www.indec.gob.ar/uploads/informesdeprensa/mercado_trabajo_eph_2trim2404BDC5E521.pdf
2024T3,42.6,42.2,0.9,https://www.indec.gob.ar/uploads/informesdeprensa/mercado_trabajo_eph_3trim241364F3C2B4.pdf
2024T4,42.9,42.2,1.5,https://www.indec.gob.ar/uploads/informesdeprensa/mercado_trabajo_eph_4trim24083C6B9E41.pdf
2025T1,43.6,43.1,1.0,https://www.indec.gob.ar/uploads/informesdeprensa/mercado_trabajo_eph_1trim254850EDE6DF.pdf
2025T2,42.0,41.2,1.9,https://www.indec.gob.ar/uploads/informesdeprensa/mercado_trabajo_eph_2trim25C42A813B2A.pdf
2025T3,41.1,40.5,1.4,https://www.indec.gob.ar/uploads/informesdeprensa/mercado_trabajo_eph_3trim254D509B02DD.pdf
2025T4,41.2,41.0,0.6,https://www.indec.gob.ar/uploads/informesdeprensa/mercado_trabajo_eph_4trim25AF451E16DE.pdf
2026T1,42.6,42.3,0.7,https://biblioteca.indec.gob.ar/bases/minde/mercado_trabajo_eph_1trim26.pdf
